"","V1","V2","V3","V4","V5","V6","V7","V8","V9","V10"
"a.perfect.circle","tool","dredg","deftones","porcupine.tree","nine.inch.nails","incubus","system.of.a.down","opeth","the.smashing.pumpkins","radiohead"
"abba","madonna","robbie.williams","elvis.presley","michael.jackson","queen","the.beatles","kelly.clarkson","groove.coverage","duffy","mika"
"ac.dc","red.hot.chili.peppers","metallica","iron.maiden","the.offspring","black.sabbath","die.toten.hosen","rammstein","judas.priest","the.beatles","hammerfall"
"adam.green","the.libertines","the.strokes","babyshambles","radiohead","franz.ferdinand","the.kooks","foo.fighters","the.white.stripes","the.beatles","arctic.monkeys"
"aerosmith","u2","led.zeppelin","metallica","ac.dc","lenny.kravitz","the.rolling.stones","jack.johnson","red.hot.chili.peppers","robbie.williams","oasis"
"afi","funeral.for.a.friend","rise.against","fall.out.boy","anti.flag","sum.41","billy.talent","lostprophets","silverstein","millencolin","system.of.a.down"
"air","massive.attack","goldfrapp","morcheeba","thievery.corporation","jamiroquai","nouvelle.vague","coldplay","portishead","daft.punk","moby"
"alanis.morissette","tori.amos","alicia.keys","red.hot.chili.peppers","kelly.clarkson","dido","coldplay","pearl.jam","jack.johnson","norah.jones","james.blunt"
"alexisonfire","atreyu","underoath","funeral.for.a.friend","silverstein","killswitch.engage","rise.against","caliban","enter.shikari","three.days.grace","billy.talent"
"alicia.keys","beyonce","norah.jones","maria.mena","black.eyed.peas","lenny.kravitz","amy.winehouse","christina.aguilera","rihanna","duffy","jay.z"
"all.that.remains","heaven.shall.burn","as.i.lay.dying","parkway.drive","trivium","caliban","killswitch.engage","chimaira","atreyu","bullet.for.my.valentine","in.flames"
"amon.amarth","dark.tranquillity","equilibrium","eluveitie","ensiferum","in.flames","finntroll","die.apokalyptischen.reiter","dimmu.borgir","children.of.bodom","kreator"
"amy.macdonald","maria.mena","lily.allen","leona.lewis","amy.winehouse","jason.mraz","coldplay","james.morrison","avril.lavigne","keane","peter.fox"
"amy.winehouse","norah.jones","duffy","jack.johnson","kate.nash","lily.allen","the.kooks","leona.lewis","the.killers","alicia.keys","amy.macdonald"
"anti.flag","rise.against","nofx","millencolin","bad.religion","dropkick.murphys","misfits","the.hives","flogging.molly","die.toten.hosen","sum.41"
"aphex.twin","bjork","portishead","boards.of.canada","elliott.smith","cocorosie","beirut","radiohead","the.clash","the.doors","depeche.mode"
"apocalyptica","subway.to.sally","in.extremo","metallica","rammstein","nightwish","manowar","disturbed","iron.maiden","arch.enemy","blind.guardian"
"arcade.fire","the.shins","the.national","belle.and.sebastian","the.decemberists","sufjan.stevens","cat.power","stars","interpol","bloc.party","mgmt"
"arch.enemy","in.flames","children.of.bodom","slayer","amon.amarth","iron.maiden","kreator","ensiferum","dimmu.borgir","hammerfall","heaven.shall.burn"
"arctic.monkeys","the.kooks","bloc.party","the.killers","mando.diao","muse","franz.ferdinand","the.white.stripes","the.hives","beatsteaks","kings.of.leon"
"as.i.lay.dying","all.that.remains","killswitch.engage","heaven.shall.burn","caliban","parkway.drive","atreyu","bring.me.the.horizon","trivium","chimaira","hatebreed"
"atb","scooter","groove.coverage","faithless","nelly.furtado","rihanna","daft.punk","bloodhound.gang","the.prodigy","cascada","david.guetta"
"atreyu","underoath","silverstein","as.i.lay.dying","killswitch.engage","alexisonfire","caliban","the.used","trivium","all.that.remains","bring.me.the.horizon"
"audioslave","pearl.jam","rage.against.the.machine","foo.fighters","tenacious.d","seether","linkin.park","stone.sour","red.hot.chili.peppers","the.white.stripes","disturbed"
"avril.lavigne","simple.plan","evanescence","kelly.clarkson","linkin.park","pink","christina.aguilera","leona.lewis","lady.gaga","sum.41","nightwish"
"babyshambles","the.libertines","arctic.monkeys","the.kooks","blur","death.cab.for.cutie","the.strokes","franz.ferdinand","adam.green","bright.eyes","mgmt"
"bad.religion","nofx","anti.flag","millencolin","rise.against","die.toten.hosen","dropkick.murphys","flogging.molly","red.hot.chili.peppers","the.offspring","rage.against.the.machine"
"beastie.boys","the.chemical.brothers","bloc.party","digitalism","the.strokes","daft.punk","massive.attack","thievery.corporation","feist","the.prodigy","arcade.fire"
"beatsteaks","foo.fighters","billy.talent","arctic.monkeys","the.kooks","the.fratellis","red.hot.chili.peppers","farin.urlaub","incubus","the.hives","nirvana"
"beck","modest.mouse","radiohead","elliott.smith","the.notwist","sufjan.stevens","the.shins","hot.chip","death.cab.for.cutie","nada.surf","the.decemberists"
"beirut","the.decemberists","the.shins","modest.mouse","bright.eyes","death.cab.for.cutie","cocorosie","interpol","radiohead","arcade.fire","the.notwist"
"belle.and.sebastian","the.decemberists","arcade.fire","sufjan.stevens","the.shins","the.national","modest.mouse","the.smiths","kings.of.convenience","elliott.smith","tegan.and.sara"
"beyonce","the.pussycat.dolls","christina.aguilera","alicia.keys","rihanna","leona.lewis","maria.mena","lady.gaga","britney.spears","justin.timberlake","kelly.clarkson"
"billy.talent","sum.41","linkin.park","beatsteaks","rise.against","blink.182","fall.out.boy","the.offspring","system.of.a.down","my.chemical.romance","papa.roach"
"bjork","portishead","aphex.twin","air","nouvelle.vague","feist","boards.of.canada","lily.allen","goldfrapp","radiohead","sufjan.stevens"
"black.eyed.peas","the.pussycat.dolls","christina.aguilera","lady.gaga","beyonce","rihanna","alicia.keys","michael.jackson","david.guetta","justin.timberlake","britney.spears"
"black.sabbath","metallica","iron.maiden","motorhead","deep.purple","judas.priest","ac.dc","slayer","rammstein","dimmu.borgir","manowar"
"blind.guardian","iron.maiden","hammerfall","finntroll","subway.to.sally","in.extremo","manowar","schandmaul","ensiferum","eluveitie","korpiklaani"
"blink.182","sum.41","the.offspring","billy.talent","jimmy.eat.world","green.day","paramore","good.charlotte","lostprophets","linkin.park","the.hives"
"bloc.party","the.killers","arctic.monkeys","death.cab.for.cutie","interpol","editors","the.kooks","coldplay","mgmt","nada.surf","kings.of.leon"
"bloodhound.gang","the.offspring","disturbed","red.hot.chili.peppers","blink.182","system.of.a.down","green.day","scooter","serj.tankian","papa.roach","ac.dc"
"blur","babyshambles","the.strokes","the.hives","kaiser.chiefs","jamiroquai","bloc.party","the.rolling.stones","travis","the.beatles","the.killers"
"boards.of.canada","mogwai","thievery.corporation","air","bjork","jose.gonzalez","the.notwist","massive.attack","aphex.twin","cat.power","cocorosie"
"bob.dylan","the.rolling.stones","the.beatles","eric.clapton","tom.waits","the.doors","jimi.hendrix","radiohead","babyshambles","david.bowie","johnny.cash"
"bob.marley","red.hot.chili.peppers","gentleman","cypress.hill","bob.marley...the.wailers","peter.fox","nirvana","slipknot","system.of.a.down","seeed","deichkind"
"bob.marley...the.wailers","bob.marley","johnny.cash","the.rolling.stones","the.prodigy","jay.z","jack.johnson","eric.clapton","elvis.presley","ac.dc","clueso"
"breaking.benjamin","three.days.grace","disturbed","linkin.park","papa.roach","sum.41","atreyu","billy.talent","lostprophets","seether","killswitch.engage"
"bright.eyes","interpol","the.notwist","modest.mouse","the.decemberists","the.shins","death.cab.for.cutie","the.strokes","stars","radiohead","regina.spektor"
"bring.me.the.horizon","parkway.drive","as.i.lay.dying","atreyu","heaven.shall.burn","killswitch.engage","caliban","underoath","trivium","silverstein","hatebreed"
"britney.spears","the.pussycat.dolls","rihanna","christina.aguilera","beyonce","lady.gaga","pink","katy.perry","kelly.clarkson","avril.lavigne","black.eyed.peas"
"bruce.springsteen","eric.clapton","u2","robbie.williams","dire.straits","snow.patrol","oasis","bob.dylan","madonna","pink.floyd","feist"
"bullet.for.my.valentine","system.of.a.down","linkin.park","killswitch.engage","fall.out.boy","slipknot","all.that.remains","atreyu","billy.talent","disturbed","evanescence"
"caliban","as.i.lay.dying","all.that.remains","heaven.shall.burn","killswitch.engage","hatebreed","parkway.drive","trivium","atreyu","machine.head","chimaira"
"cascada","groove.coverage","scooter","lady.gaga","katy.perry","kelly.clarkson","david.guetta","nelly.furtado","rihanna","britney.spears","linkin.park"
"cat.power","sufjan.stevens","arcade.fire","radiohead","the.shins","stars","air","boards.of.canada","nouvelle.vague","bloc.party","belle.and.sebastian"
"children.of.bodom","in.flames","dimmu.borgir","arch.enemy","equilibrium","amon.amarth","ensiferum","finntroll","iron.maiden","rammstein","as.i.lay.dying"
"chimaira","hatebreed","as.i.lay.dying","all.that.remains","killswitch.engage","heaven.shall.burn","slipknot","trivium","caliban","machine.head","soilwork"
"christina.aguilera","the.pussycat.dolls","beyonce","rihanna","katy.perry","kelly.clarkson","pink","britney.spears","madonna","leona.lewis","black.eyed.peas"
"clueso","the.kooks","jack.johnson","deichkind","incubus","beatsteaks","oasis","coldplay","mando.diao","peter.fox","lily.allen"
"cocorosie","hot.chip","feist","beirut","damien.rice","boards.of.canada","kings.of.leon","jose.gonzalez","the.notwist","tom.waits","aphex.twin"
"coldplay","red.hot.chili.peppers","snow.patrol","jack.johnson","bloc.party","keane","muse","the.kooks","the.killers","radiohead","foo.fighters"
"crystal.castles","mgmt","digitalism","hot.chip","editors","justice","kings.of.leon","nouvelle.vague","the.killers","the.smiths","goldfrapp"
"cypress.hill","bob.marley","eminem","gentleman","manu.chao","the.prodigy","seeed","beastie.boys","portishead","rage.against.the.machine","kanye.west"
"daft.punk","justice","digitalism","the.chemical.brothers","deichkind","air","the.prodigy","feist","gorillaz","thievery.corporation","massive.attack"
"damien.rice","feist","kings.of.convenience","sufjan.stevens","radiohead","jose.gonzalez","coldplay","cocorosie","the.fray","jack.johnson","portishead"
"dark.tranquillity","amon.amarth","eluveitie","soilwork","in.flames","killswitch.engage","equilibrium","opeth","arch.enemy","die.apokalyptischen.reiter","ensiferum"
"david.bowie","joy.division","the.beatles","the.rolling.stones","hot.chip","feist","the.cure","bob.dylan","elliott.smith","tom.waits","nouvelle.vague"
"david.guetta","timbaland","rihanna","moby","justin.timberlake","kanye.west","leona.lewis","nelly.furtado","cascada","deichkind","black.eyed.peas"
"death.cab.for.cutie","bloc.party","interpol","the.kooks","modest.mouse","the.postal.service","nada.surf","the.killers","editors","kings.of.leon","bright.eyes"
"deep.purple","led.zeppelin","black.sabbath","jimi.hendrix","judas.priest","pink.floyd","manowar","hammerfall","queen","ac.dc","eric.clapton"
"deftones","a.perfect.circle","godsmack","nine.inch.nails","staind","dredg","incubus","rage.against.the.machine","as.i.lay.dying","the.smashing.pumpkins","atreyu"
"deichkind","justice","clueso","arctic.monkeys","daft.punk","digitalism","mando.diao","kanye.west","the.subways","david.guetta","seeed"
"depeche.mode","u2","the.cure","pink.floyd","the.beatles","genesis","massive.attack","placebo","queen","rammstein","the.chemical.brothers"
"dido","katie.melua","madonna","james.blunt","robbie.williams","christina.aguilera","duffy","avril.lavigne","nouvelle.vague","maria.mena","mika"
"die.apokalyptischen.reiter","equilibrium","ensiferum","korpiklaani","amon.amarth","subway.to.sally","in.flames","in.extremo","slayer","dark.tranquillity","hammerfall"
"die.toten.hosen","the.offspring","red.hot.chili.peppers","farin.urlaub","green.day","rammstein","system.of.a.down","metallica","linkin.park","billy.talent","nirvana"
"digitalism","crystal.castles","justice","daft.punk","mgmt","goldfrapp","deichkind","hot.chip","feist","radiohead","the.chemical.brothers"
"dimmu.borgir","children.of.bodom","amon.amarth","finntroll","equilibrium","slayer","arch.enemy","in.flames","opeth","die.apokalyptischen.reiter","ensiferum"
"dire.straits","genesis","eric.clapton","howard.shore","pink.floyd","the.rolling.stones","bruce.springsteen","die.toten.hosen","red.hot.chili.peppers","the.doors","motorhead"
"disturbed","slipknot","godsmack","killswitch.engage","system.of.a.down","papa.roach","in.flames","trivium","soilwork","breaking.benjamin","stone.sour"
"dream.theater","porcupine.tree","metallica","tool","opeth","blind.guardian","iron.maiden","a.perfect.circle","nightwish","serj.tankian","sonata.arctica"
"dredg","a.perfect.circle","tool","deftones","radiohead","interpol","bloc.party","porcupine.tree","audioslave","pearl.jam","the.smashing.pumpkins"
"dropkick.murphys","flogging.molly","nofx","misfits","anti.flag","schandmaul","bad.religion","millencolin","die.toten.hosen","ramones","the.offspring"
"duffy","amy.winehouse","beyonce","leona.lewis","alicia.keys","dido","the.ting.tings","rihanna","maria.mena","abba","madonna"
"editors","interpol","bloc.party","kings.of.leon","death.cab.for.cutie","the.libertines","the.killers","radiohead","crystal.castles","nada.surf","modest.mouse"
"eels","bright.eyes","muse","the.notwist","norah.jones","portishead","tom.waits","the.white.stripes","beirut","stars","amy.winehouse"
"elliott.smith","sufjan.stevens","the.shins","beck","modest.mouse","belle.and.sebastian","nada.surf","death.cab.for.cutie","the.smiths","david.bowie","the.beatles"
"eluveitie","equilibrium","finntroll","ensiferum","amon.amarth","korpiklaani","dark.tranquillity","blind.guardian","die.apokalyptischen.reiter","in.extremo","subway.to.sally"
"elvis.presley","abba","robbie.williams","eric.clapton","the.beatles","michael.jackson","johnny.cash","the.doors","amy.macdonald","bob.marley...the.wailers","the.rolling.stones"
"eminem","justin.timberlake","limp.bizkit","jay.z","cypress.hill","kanye.west","seeed","linkin.park","the.prodigy","bloodhound.gang","timbaland"
"ensiferum","equilibrium","finntroll","die.apokalyptischen.reiter","eluveitie","korpiklaani","amon.amarth","children.of.bodom","kreator","in.extremo","subway.to.sally"
"enter.shikari","underoath","atreyu","silverstein","killswitch.engage","all.that.remains","rise.against","funeral.for.a.friend","bring.me.the.horizon","fall.out.boy","bullet.for.my.valentine"
"equilibrium","ensiferum","eluveitie","die.apokalyptischen.reiter","amon.amarth","finntroll","korpiklaani","children.of.bodom","in.flames","dimmu.borgir","iron.maiden"
"eric.clapton","the.rolling.stones","bob.dylan","dire.straits","jimi.hendrix","bruce.springsteen","the.doors","the.beatles","elvis.presley","deep.purple","michael.jackson"
"evanescence","linkin.park","him","avril.lavigne","rammstein","nightwish","lacuna.coil","pink","bullet.for.my.valentine","my.chemical.romance","oomph."
"faithless","atb","moby","the.chemical.brothers","massive.attack","david.guetta","air","depeche.mode","madonna","mika","daft.punk"
"fall.out.boy","billy.talent","panic.at.the.disco","my.chemical.romance","sum.41","bullet.for.my.valentine","green.day","silverstein","funeral.for.a.friend","simple.plan","jimmy.eat.world"
"farin.urlaub","the.offspring","die.toten.hosen","system.of.a.down","beatsteaks","rammstein","red.hot.chili.peppers","nirvana","placebo","green.day","linkin.park"
"feist","kings.of.convenience","damien.rice","jose.gonzalez","regina.spektor","bloc.party","air","amy.winehouse","snow.patrol","death.cab.for.cutie","cocorosie"
"finntroll","eluveitie","korpiklaani","ensiferum","equilibrium","amon.amarth","subway.to.sally","in.extremo","blind.guardian","dimmu.borgir","children.of.bodom"
"flogging.molly","dropkick.murphys","in.extremo","anti.flag","billy.talent","bad.religion","beatsteaks","nofx","schandmaul","red.hot.chili.peppers","the.offspring"
"flyleaf","paramore","my.chemical.romance","evanescence","lostprophets","linkin.park","three.days.grace","blink.182","breaking.benjamin","limp.bizkit","billy.talent"
"foo.fighters","beatsteaks","incubus","queens.of.the.stone.age","red.hot.chili.peppers","muse","linkin.park","the.white.stripes","coldplay","billy.talent","nirvana"
"frank.sinatra","norah.jones","air","amy.winehouse","duffy","howard.shore","nouvelle.vague","the.white.stripes","the.doors","abba","jack.johnson"
"franz.ferdinand","the.fratellis","mando.diao","arctic.monkeys","the.hives","the.libertines","razorlight","the.killers","kaiser.chiefs","the.white.stripes","babyshambles"
"funeral.for.a.friend","silverstein","alexisonfire","jimmy.eat.world","atreyu","afi","fall.out.boy","rise.against","underoath","enter.shikari","the.used"
"genesis","queen","pink.floyd","dire.straits","u2","die.toten.hosen","depeche.mode","r.e.m.","the.beatles","coldplay","ac.dc"
"gentleman","seeed","bob.marley","deichkind","cypress.hill","jay.z","clueso","hatebreed","red.hot.chili.peppers","coldplay","jack.johnson"
"godsmack","disturbed","staind","system.of.a.down","seether","stone.sour","slipknot","deftones","tenacious.d","limp.bizkit","in.flames"
"goldfrapp","portishead","moby","morcheeba","air","nouvelle.vague","thievery.corporation","digitalism","massive.attack","the.chemical.brothers","the.prodigy"
"good.charlotte","simple.plan","green.day","linkin.park","billy.talent","sum.41","blink.182","fall.out.boy","rise.against","the.offspring","my.chemical.romance"
"gorillaz","seeed","the.prodigy","daft.punk","coldplay","system.of.a.down","red.hot.chili.peppers","portishead","massive.attack","the.killers","nirvana"
"green.day","die.toten.hosen","good.charlotte","the.offspring","fall.out.boy","red.hot.chili.peppers","linkin.park","simple.plan","sum.41","billy.talent","farin.urlaub"
"groove.coverage","cascada","scooter","atb","pink","abba","lady.gaga","gorillaz","good.charlotte","katy.perry","evanescence"
"guano.apes","limp.bizkit","nirvana","disturbed","placebo","foo.fighters","system.of.a.down","linkin.park","breaking.benjamin","papa.roach","rage.against.the.machine"
"guns.n.roses","queen","metallica","deep.purple","depeche.mode","aerosmith","die.toten.hosen","red.hot.chili.peppers","led.zeppelin","nirvana","iron.maiden"
"hammerfall","blind.guardian","manowar","judas.priest","ensiferum","metallica","subway.to.sally","equilibrium","arch.enemy","in.flames","finntroll"
"hans.zimmer","howard.shore","queen","system.of.a.down","linkin.park","billy.talent","scooter","die.toten.hosen","leona.lewis","nightwish","amy.macdonald"
"hatebreed","caliban","chimaira","as.i.lay.dying","parkway.drive","heaven.shall.burn","killswitch.engage","atreyu","all.that.remains","bring.me.the.horizon","stone.sour"
"heaven.shall.burn","all.that.remains","as.i.lay.dying","caliban","parkway.drive","in.flames","chimaira","machine.head","soilwork","trivium","amon.amarth"
"him","evanescence","oomph.","marilyn.manson","linkin.park","nightwish","rammstein","in.extremo","schandmaul","billy.talent","system.of.a.down"
"hoobastank","linkin.park","sum.41","rise.against","rihanna","three.days.grace","evanescence","disturbed","breaking.benjamin","the.offspring","billy.talent"
"hot.chip","the.national","joy.division","mgmt","crystal.castles","death.cab.for.cutie","the.notwist","cocorosie","digitalism","david.bowie","bloc.party"
"howard.shore","hans.zimmer","dire.straits","queen","finntroll","nightwish","rammstein","schandmaul","metallica","dream.theater","frank.sinatra"
"in.extremo","subway.to.sally","schandmaul","rammstein","nightwish","finntroll","apocalyptica","ensiferum","korpiklaani","blind.guardian","die.apokalyptischen.reiter"
"in.flames","children.of.bodom","arch.enemy","amon.amarth","slipknot","disturbed","heaven.shall.burn","soilwork","opeth","die.apokalyptischen.reiter","killswitch.engage"
"incubus","system.of.a.down","foo.fighters","beatsteaks","red.hot.chili.peppers","arctic.monkeys","muse","the.kooks","jack.johnson","billy.talent","bloc.party"
"interpol","editors","modest.mouse","bloc.party","nada.surf","bright.eyes","death.cab.for.cutie","the.national","arcade.fire","the.shins","the.strokes"
"iron.maiden","judas.priest","blind.guardian","motorhead","metallica","manowar","kreator","ac.dc","in.flames","black.sabbath","children.of.bodom"
"jack.johnson","red.hot.chili.peppers","coldplay","the.kooks","arctic.monkeys","jason.mraz","amy.winehouse","clueso","incubus","beatsteaks","norah.jones"
"james.blunt","dido","coldplay","michael.jackson","leona.lewis","panic.at.the.disco","amy.winehouse","katie.melua","lenny.kravitz","robbie.williams","rihanna"
"james.morrison","jason.mraz","maria.mena","katie.melua","the.fray","coldplay","amy.macdonald","jack.johnson","lenny.kravitz","kate.nash","kelly.clarkson"
"jamiroquai","air","morcheeba","blur","thievery.corporation","massive.attack","feist","goldfrapp","michael.jackson","portishead","jose.gonzalez"
"jason.mraz","james.morrison","mika","jack.johnson","coldplay","amy.winehouse","kelly.clarkson","amy.macdonald","kate.nash","the.kooks","keane"
"jay.z","kanye.west","timbaland","eminem","alicia.keys","the.streets","rihanna","gentleman","the.prodigy","jack.johnson","bob.marley...the.wailers"
"jimi.hendrix","the.doors","led.zeppelin","the.rolling.stones","deep.purple","eric.clapton","the.beatles","bob.dylan","ac.dc","pink.floyd","the.white.stripes"
"jimmy.eat.world","funeral.for.a.friend","blink.182","fall.out.boy","bloc.party","panic.at.the.disco","rise.against","my.chemical.romance","the.killers","death.cab.for.cutie","farin.urlaub"
"johnny.cash","tom.waits","the.beatles","the.rolling.stones","pearl.jam","bob.dylan","the.white.stripes","metallica","bob.marley...the.wailers","red.hot.chili.peppers","nirvana"
"jose.gonzalez","sufjan.stevens","feist","the.notwist","radiohead","damien.rice","kings.of.convenience","thievery.corporation","boards.of.canada","beck","air"
"joy.division","the.cure","hot.chip","david.bowie","the.smiths","mgmt","interpol","death.cab.for.cutie","babyshambles","tom.waits","crystal.castles"
"judas.priest","iron.maiden","kreator","motorhead","hammerfall","black.sabbath","deep.purple","ac.dc","blind.guardian","ensiferum","slayer"
"justice","daft.punk","digitalism","mgmt","deichkind","bloc.party","the.chemical.brothers","crystal.castles","the.ting.tings","justin.timberlake","the.kooks"
"justin.timberlake","timbaland","rihanna","nelly.furtado","kanye.west","beyonce","lenny.kravitz","christina.aguilera","the.pussycat.dolls","eminem","david.guetta"
"kaiser.chiefs","the.killers","muse","franz.ferdinand","mando.diao","bloc.party","the.kooks","arctic.monkeys","the.hives","travis","foo.fighters"
"kanye.west","timbaland","jay.z","justin.timberlake","rihanna","david.guetta","deichkind","peter.fox","linkin.park","nelly.furtado","clueso"
"kate.nash","lily.allen","the.kooks","the.wombats","amy.winehouse","tegan.and.sara","maria.mena","arctic.monkeys","regina.spektor","the.killers","jack.johnson"
"katie.melua","dido","norah.jones","james.morrison","snow.patrol","mika","amy.winehouse","jason.mraz","james.blunt","duffy","leona.lewis"
"katy.perry","lady.gaga","the.pussycat.dolls","christina.aguilera","leona.lewis","rihanna","pink","britney.spears","cascada","kelly.clarkson","beyonce"
"keane","travis","coldplay","the.killers","the.kooks","the.fray","amy.macdonald","jason.mraz","amy.winehouse","kaiser.chiefs","muse"
"kelly.clarkson","leona.lewis","christina.aguilera","pink","nelly.furtado","beyonce","avril.lavigne","the.pussycat.dolls","lady.gaga","katy.perry","rihanna"
"killswitch.engage","as.i.lay.dying","sonic.syndicate","atreyu","caliban","machine.head","all.that.remains","disturbed","trivium","chimaira","bullet.for.my.valentine"
"kings.of.convenience","feist","damien.rice","the.decemberists","belle.and.sebastian","nouvelle.vague","mgmt","jose.gonzalez","interpol","air","arcade.fire"
"kings.of.leon","razorlight","arctic.monkeys","the.strokes","editors","mando.diao","the.killers","death.cab.for.cutie","the.kooks","bloc.party","mgmt"
"korpiklaani","finntroll","die.apokalyptischen.reiter","ensiferum","equilibrium","eluveitie","subway.to.sally","schandmaul","in.extremo","amon.amarth","children.of.bodom"
"kreator","judas.priest","slayer","ensiferum","amon.amarth","iron.maiden","arch.enemy","motorhead","in.flames","children.of.bodom","equilibrium"
"lacuna.coil","nightwish","evanescence","sonata.arctica","in.extremo","schandmaul","dark.tranquillity","ensiferum","subway.to.sally","apocalyptica","equilibrium"
"lady.gaga","katy.perry","leona.lewis","beyonce","britney.spears","the.pussycat.dolls","cascada","black.eyed.peas","kelly.clarkson","rihanna","avril.lavigne"
"led.zeppelin","deep.purple","jimi.hendrix","pink.floyd","the.doors","aerosmith","the.beatles","black.sabbath","ac.dc","the.rolling.stones","the.white.stripes"
"lenny.kravitz","justin.timberlake","alicia.keys","timbaland","aerosmith","james.morrison","james.blunt","kanye.west","oasis","beyonce","jack.johnson"
"leona.lewis","kelly.clarkson","beyonce","lady.gaga","katy.perry","rihanna","christina.aguilera","amy.macdonald","avril.lavigne","nelly.furtado","david.guetta"
"lily.allen","kate.nash","amy.macdonald","amy.winehouse","the.kooks","maria.mena","mando.diao","clueso","regina.spektor","bjork","paramore"
"limp.bizkit","linkin.park","papa.roach","rammstein","disturbed","system.of.a.down","metallica","blink.182","foo.fighters","guano.apes","the.offspring"
"linkin.park","limp.bizkit","billy.talent","papa.roach","evanescence","sum.41","bullet.for.my.valentine","three.days.grace","red.hot.chili.peppers","avril.lavigne","rise.against"
"lostprophets","sum.41","seether","underoath","killswitch.engage","blink.182","breaking.benjamin","three.days.grace","linkin.park","disturbed","papa.roach"
"machine.head","killswitch.engage","caliban","as.i.lay.dying","heaven.shall.burn","in.flames","trivium","chimaira","all.that.remains","dark.tranquillity","opeth"
"madonna","robbie.williams","christina.aguilera","dido","abba","nelly.furtado","rihanna","justin.timberlake","beyonce","mika","kelly.clarkson"
"mando.diao","arctic.monkeys","the.killers","the.kooks","franz.ferdinand","the.hives","razorlight","red.hot.chili.peppers","the.white.stripes","kings.of.leon","the.subways"
"manowar","iron.maiden","hammerfall","blind.guardian","metallica","apocalyptica","nightwish","deep.purple","motorhead","sonata.arctica","die.apokalyptischen.reiter"
"manu.chao","seeed","beatsteaks","yann.tiersen","tom.waits","red.hot.chili.peppers","cypress.hill","nirvana","daft.punk","thievery.corporation","the.beatles"
"maria.mena","beyonce","amy.macdonald","coldplay","alicia.keys","james.morrison","kate.nash","lily.allen","the.fray","christina.aguilera","rihanna"
"marilyn.manson","rammstein","subway.to.sally","in.extremo","him","system.of.a.down","oomph.","slipknot","the.offspring","tool","metallica"
"massive.attack","portishead","air","thievery.corporation","morcheeba","moby","goldfrapp","faithless","pink.floyd","depeche.mode","radiohead"
"metallica","rammstein","iron.maiden","slayer","black.sabbath","system.of.a.down","slipknot","apocalyptica","ac.dc","the.offspring","in.flames"
"mgmt","crystal.castles","justice","bloc.party","digitalism","hot.chip","kings.of.leon","arcade.fire","the.killers","the.kooks","kings.of.convenience"
"michael.jackson","robbie.williams","black.eyed.peas","abba","james.blunt","queen","eric.clapton","alicia.keys","elvis.presley","jamiroquai","nickelback"
"mika","jason.mraz","madonna","kelly.clarkson","dido","justin.timberlake","katie.melua","rihanna","cascada","leona.lewis","queen"
"millencolin","nofx","anti.flag","rise.against","bad.religion","the.offspring","blink.182","dropkick.murphys","system.of.a.down","sum.41","afi"
"misfits","dropkick.murphys","anti.flag","rise.against","nofx","ramones","afi","volbeat","bad.religion","the.clash","the.cure"
"moby","goldfrapp","morcheeba","massive.attack","david.guetta","faithless","coldplay","air","green.day","nelly.furtado","red.hot.chili.peppers"
"modest.mouse","interpol","the.decemberists","the.shins","death.cab.for.cutie","bright.eyes","belle.and.sebastian","beck","bloc.party","radiohead","the.national"
"mogwai","radiohead","the.notwist","boards.of.canada","death.cab.for.cutie","belle.and.sebastian","the.national","portishead","the.smashing.pumpkins","interpol","nada.surf"
"morcheeba","goldfrapp","thievery.corporation","air","portishead","massive.attack","moby","jamiroquai","nouvelle.vague","coldplay","pink.floyd"
"motorhead","iron.maiden","judas.priest","slayer","black.sabbath","metallica","kreator","manowar","ac.dc","amon.amarth","the.clash"
"muse","arctic.monkeys","placebo","the.killers","queens.of.the.stone.age","coldplay","kaiser.chiefs","foo.fighters","red.hot.chili.peppers","radiohead","incubus"
"my.chemical.romance","fall.out.boy","billy.talent","the.used","simple.plan","evanescence","bullet.for.my.valentine","panic.at.the.disco","farin.urlaub","flyleaf","good.charlotte"
"nada.surf","interpol","death.cab.for.cutie","the.shins","bloc.party","modest.mouse","editors","elliott.smith","arctic.monkeys","kings.of.leon","beck"
"nelly.furtado","rihanna","justin.timberlake","kelly.clarkson","the.pussycat.dolls","beyonce","christina.aguilera","pink","timbaland","madonna","leona.lewis"
"nickelback","linkin.park","peter.fox","farin.urlaub","fall.out.boy","three.days.grace","red.hot.chili.peppers","green.day","stone.sour","papa.roach","rammstein"
"nightwish","lacuna.coil","in.extremo","rammstein","sonata.arctica","schandmaul","evanescence","subway.to.sally","metallica","apocalyptica","iron.maiden"
"nine.inch.nails","the.smashing.pumpkins","a.perfect.circle","die.toten.hosen","deftones","tool","system.of.a.down","rammstein","marilyn.manson","the.cure","nirvana"
"nirvana","red.hot.chili.peppers","the.offspring","system.of.a.down","rage.against.the.machine","metallica","beatsteaks","the.white.stripes","foo.fighters","farin.urlaub","rammstein"
"nofx","millencolin","bad.religion","anti.flag","dropkick.murphys","rise.against","the.offspring","flogging.molly","blink.182","die.toten.hosen","misfits"
"norah.jones","amy.winehouse","katie.melua","alicia.keys","jack.johnson","coldplay","snow.patrol","red.hot.chili.peppers","dido","u2","christina.aguilera"
"nouvelle.vague","goldfrapp","air","kings.of.convenience","bjork","crystal.castles","dido","morcheeba","cat.power","radiohead","david.bowie"
"oasis","red.hot.chili.peppers","the.beatles","mando.diao","the.kooks","clueso","nirvana","snow.patrol","arctic.monkeys","the.killers","coldplay"
"oomph.","him","rammstein","evanescence","marilyn.manson","in.extremo","lacuna.coil","subway.to.sally","slipknot","nightwish","die.apokalyptischen.reiter"
"opeth","in.flames","porcupine.tree","dark.tranquillity","children.of.bodom","machine.head","dimmu.borgir","metallica","ensiferum","a.perfect.circle","rob.zombie"
"panic.at.the.disco","fall.out.boy","simple.plan","my.chemical.romance","billy.talent","jimmy.eat.world","the.fray","linkin.park","the.kooks","green.day","good.charlotte"
"papa.roach","disturbed","linkin.park","three.days.grace","the.offspring","limp.bizkit","billy.talent","breaking.benjamin","slipknot","bullet.for.my.valentine","sum.41"
"paramore","blink.182","simple.plan","flyleaf","sum.41","mando.diao","my.chemical.romance","billy.talent","the.pussycat.dolls","linkin.park","breaking.benjamin"
"parkway.drive","as.i.lay.dying","all.that.remains","bring.me.the.horizon","heaven.shall.burn","caliban","atreyu","hatebreed","killswitch.engage","trivium","machine.head"
"pearl.jam","audioslave","nirvana","rage.against.the.machine","red.hot.chili.peppers","the.smashing.pumpkins","radiohead","johnny.cash","tori.amos","dredg","oasis"
"peter.fox","seeed","farin.urlaub","die.toten.hosen","kanye.west","nickelback","coldplay","the.offspring","billy.talent","red.hot.chili.peppers","clueso"
"pink","christina.aguilera","kelly.clarkson","the.pussycat.dolls","evanescence","nelly.furtado","katy.perry","britney.spears","rihanna","avril.lavigne","beyonce"
"pink.floyd","the.beatles","genesis","led.zeppelin","deep.purple","depeche.mode","the.doors","massive.attack","dire.straits","porcupine.tree","the.rolling.stones"
"placebo","muse","system.of.a.down","the.killers","arctic.monkeys","rammstein","farin.urlaub","snow.patrol","bloc.party","nirvana","evanescence"
"porcupine.tree","dream.theater","opeth","a.perfect.circle","pink.floyd","tool","dredg","radiohead","jimi.hendrix","the.doors","in.extremo"
"portishead","massive.attack","goldfrapp","morcheeba","radiohead","bjork","air","thievery.corporation","aphex.twin","the.notwist","feist"
"queen","genesis","deep.purple","howard.shore","depeche.mode","the.beatles","abba","michael.jackson","hans.zimmer","rammstein","coldplay"
"queens.of.the.stone.age","the.white.stripes","muse","foo.fighters","the.strokes","arctic.monkeys","nirvana","radiohead","the.doors","kaiser.chiefs","incubus"
"r.e.m.","u2","travis","coldplay","radiohead","nirvana","genesis","die.toten.hosen","the.beatles","placebo","robbie.williams"
"radiohead","mogwai","coldplay","the.decemberists","the.smashing.pumpkins","cat.power","the.notwist","muse","portishead","bloc.party","beck"
"rage.against.the.machine","nirvana","audioslave","system.of.a.down","pearl.jam","rise.against","the.offspring","limp.bizkit","metallica","red.hot.chili.peppers","bad.religion"
"rammstein","system.of.a.down","subway.to.sally","in.extremo","metallica","nightwish","marilyn.manson","die.toten.hosen","slipknot","evanescence","farin.urlaub"
"ramones","the.clash","the.white.stripes","dropkick.murphys","nirvana","the.hives","anti.flag","flogging.molly","die.toten.hosen","the.rolling.stones","the.smiths"
"razorlight","kings.of.leon","mando.diao","franz.ferdinand","the.kooks","arctic.monkeys","the.killers","the.fratellis","the.shins","kaiser.chiefs","coldplay"
"red.hot.chili.peppers","the.offspring","die.toten.hosen","nirvana","coldplay","jack.johnson","ac.dc","linkin.park","system.of.a.down","mando.diao","the.beatles"
"regina.spektor","feist","bright.eyes","sufjan.stevens","stars","kate.nash","arcade.fire","lily.allen","damien.rice","tegan.and.sara","kings.of.convenience"
"rihanna","the.pussycat.dolls","timbaland","nelly.furtado","beyonce","christina.aguilera","justin.timberlake","britney.spears","katy.perry","leona.lewis","kanye.west"
"rise.against","anti.flag","billy.talent","millencolin","atreyu","linkin.park","sum.41","nofx","afi","bad.religion","beatsteaks"
"rob.zombie","slipknot","rammstein","disturbed","opeth","dark.tranquillity","in.extremo","judas.priest","soilwork","marilyn.manson","stone.sour"
"robbie.williams","madonna","u2","michael.jackson","dido","abba","coldplay","jack.johnson","bruce.springsteen","elvis.presley","amy.winehouse"
"schandmaul","subway.to.sally","in.extremo","korpiklaani","nightwish","rammstein","system.of.a.down","blind.guardian","in.flames","lacuna.coil","dropkick.murphys"
"scooter","cascada","atb","groove.coverage","rihanna","bloodhound.gang","linkin.park","lady.gaga","nelly.furtado","seeed","nickelback"
"seeed","peter.fox","gentleman","timbaland","gorillaz","red.hot.chili.peppers","system.of.a.down","the.offspring","farin.urlaub","deichkind","rihanna"
"seether","staind","lostprophets","godsmack","disturbed","breaking.benjamin","stone.sour","slipknot","audioslave","in.flames","linkin.park"
"serj.tankian","system.of.a.down","apocalyptica","bloodhound.gang","marilyn.manson","rammstein","linkin.park","fall.out.boy","subway.to.sally","bullet.for.my.valentine","stone.sour"
"silverstein","atreyu","funeral.for.a.friend","simple.plan","killswitch.engage","underoath","the.used","fall.out.boy","sum.41","alexisonfire","enter.shikari"
"simple.plan","good.charlotte","sum.41","silverstein","avril.lavigne","linkin.park","green.day","my.chemical.romance","billy.talent","fall.out.boy","panic.at.the.disco"
"slayer","kreator","arch.enemy","metallica","motorhead","amon.amarth","in.flames","dimmu.borgir","die.apokalyptischen.reiter","iron.maiden","black.sabbath"
"slipknot","disturbed","in.flames","system.of.a.down","trivium","rammstein","chimaira","stone.sour","bullet.for.my.valentine","metallica","killswitch.engage"
"snow.patrol","coldplay","the.fray","placebo","the.killers","feist","muse","nelly.furtado","kaiser.chiefs","bloc.party","norah.jones"
"soilwork","sonic.syndicate","in.flames","dark.tranquillity","heaven.shall.burn","disturbed","as.i.lay.dying","killswitch.engage","trivium","chimaira","all.that.remains"
"sonata.arctica","nightwish","lacuna.coil","blind.guardian","manowar","die.apokalyptischen.reiter","children.of.bodom","apocalyptica","soilwork","evanescence","rammstein"
"sonic.syndicate","killswitch.engage","soilwork","atreyu","as.i.lay.dying","disturbed","all.that.remains","children.of.bodom","dark.tranquillity","slipknot","caliban"
"staind","seether","godsmack","stone.sour","papa.roach","deftones","slipknot","tool","disturbed","limp.bizkit","audioslave"
"stars","arcade.fire","bright.eyes","interpol","the.shins","regina.spektor","feist","bloc.party","the.decemberists","cat.power","tegan.and.sara"
"stone.sour","slipknot","disturbed","system.of.a.down","chimaira","godsmack","papa.roach","seether","the.offspring","staind","bullet.for.my.valentine"
"subway.to.sally","in.extremo","schandmaul","rammstein","finntroll","korpiklaani","apocalyptica","die.apokalyptischen.reiter","ensiferum","blind.guardian","nightwish"
"sufjan.stevens","elliott.smith","belle.and.sebastian","jose.gonzalez","cat.power","arcade.fire","the.smiths","damien.rice","death.cab.for.cutie","the.notwist","regina.spektor"
"sum.41","blink.182","simple.plan","billy.talent","the.offspring","linkin.park","fall.out.boy","lostprophets","rise.against","good.charlotte","silverstein"
"system.of.a.down","rammstein","disturbed","the.offspring","slipknot","farin.urlaub","incubus","bullet.for.my.valentine","billy.talent","metallica","nirvana"
"tegan.and.sara","kate.nash","belle.and.sebastian","the.fray","feist","stars","regina.spektor","maria.mena","coldplay","sufjan.stevens","jason.mraz"
"tenacious.d","disturbed","audioslave","system.of.a.down","soilwork","muse","in.flames","godsmack","machine.head","metallica","red.hot.chili.peppers"
"the.beatles","the.doors","red.hot.chili.peppers","the.rolling.stones","bob.dylan","pink.floyd","tom.waits","david.bowie","ac.dc","johnny.cash","oasis"
"the.chemical.brothers","daft.punk","the.prodigy","faithless","goldfrapp","justice","beastie.boys","digitalism","deichkind","depeche.mode","massive.attack"
"the.clash","ramones","dropkick.murphys","motorhead","the.rolling.stones","the.smiths","bob.dylan","flogging.molly","babyshambles","the.white.stripes","nofx"
"the.cure","joy.division","depeche.mode","the.smiths","david.bowie","radiohead","u2","the.smashing.pumpkins","elliott.smith","nine.inch.nails","the.beatles"
"the.decemberists","beirut","belle.and.sebastian","modest.mouse","the.shins","bright.eyes","arcade.fire","radiohead","kings.of.convenience","interpol","editors"
"the.doors","jimi.hendrix","the.beatles","led.zeppelin","the.rolling.stones","pink.floyd","queens.of.the.stone.age","bob.dylan","eric.clapton","red.hot.chili.peppers","the.white.stripes"
"the.fratellis","the.kooks","franz.ferdinand","the.subways","arctic.monkeys","beatsteaks","the.hives","the.wombats","the.killers","mando.diao","razorlight"
"the.fray","snow.patrol","coldplay","james.morrison","tegan.and.sara","the.kooks","keane","fall.out.boy","maria.mena","panic.at.the.disco","mando.diao"
"the.hives","arctic.monkeys","mando.diao","the.kooks","the.white.stripes","franz.ferdinand","beatsteaks","the.killers","the.fratellis","the.offspring","billy.talent"
"the.killers","bloc.party","arctic.monkeys","mando.diao","the.kooks","kaiser.chiefs","muse","death.cab.for.cutie","franz.ferdinand","placebo","coldplay"
"the.kooks","arctic.monkeys","the.fratellis","mando.diao","the.killers","kate.nash","the.subways","bloc.party","the.strokes","the.wombats","beatsteaks"
"the.libertines","babyshambles","adam.green","franz.ferdinand","editors","the.kooks","the.white.stripes","interpol","the.fratellis","the.strokes","mgmt"
"the.national","arcade.fire","belle.and.sebastian","interpol","hot.chip","modest.mouse","the.shins","sufjan.stevens","death.cab.for.cutie","bloc.party","the.decemberists"
"the.notwist","bright.eyes","radiohead","mogwai","jose.gonzalez","beck","sufjan.stevens","death.cab.for.cutie","hot.chip","portishead","interpol"
"the.offspring","die.toten.hosen","blink.182","red.hot.chili.peppers","system.of.a.down","sum.41","farin.urlaub","billy.talent","nirvana","papa.roach","bloodhound.gang"
"the.postal.service","death.cab.for.cutie","bloc.party","coldplay","the.killers","the.strokes","modest.mouse","the.notwist","hot.chip","interpol","feist"
"the.prodigy","the.chemical.brothers","linkin.park","daft.punk","goldfrapp","portishead","gorillaz","massive.attack","peter.fox","limp.bizkit","atb"
"the.pussycat.dolls","rihanna","beyonce","britney.spears","christina.aguilera","katy.perry","black.eyed.peas","lady.gaga","nelly.furtado","pink","kelly.clarkson"
"the.rolling.stones","eric.clapton","bob.dylan","the.beatles","jimi.hendrix","the.doors","david.bowie","johnny.cash","dire.straits","pink.floyd","the.clash"
"the.shins","arcade.fire","the.decemberists","modest.mouse","belle.and.sebastian","nada.surf","beirut","elliott.smith","bright.eyes","death.cab.for.cutie","interpol"
"the.smashing.pumpkins","nine.inch.nails","radiohead","pearl.jam","placebo","tori.amos","a.perfect.circle","arcade.fire","mogwai","foo.fighters","dredg"
"the.smiths","sufjan.stevens","belle.and.sebastian","the.cure","arcade.fire","joy.division","the.national","interpol","elliott.smith","radiohead","crystal.castles"
"the.streets","arctic.monkeys","babyshambles","jay.z","mgmt","the.libertines","adam.green","the.notwist","coldplay","the.killers","beirut"
"the.strokes","the.kooks","kings.of.leon","queens.of.the.stone.age","arctic.monkeys","bloc.party","interpol","bright.eyes","adam.green","the.white.stripes","muse"
"the.subways","the.kooks","the.fratellis","arctic.monkeys","the.wombats","mando.diao","bloc.party","kings.of.leon","billy.talent","deichkind","the.hives"
"the.ting.tings","the.wombats","mgmt","duffy","kaiser.chiefs","katy.perry","kate.nash","justice","lily.allen","the.subways","razorlight"
"the.used","atreyu","my.chemical.romance","silverstein","bullet.for.my.valentine","incubus","in.flames","funeral.for.a.friend","fall.out.boy","underoath","linkin.park"
"the.white.stripes","arctic.monkeys","queens.of.the.stone.age","the.hives","mando.diao","foo.fighters","nirvana","the.killers","muse","radiohead","beatsteaks"
"the.wombats","kate.nash","the.kooks","arctic.monkeys","the.subways","the.fratellis","the.ting.tings","the.killers","digitalism","beatsteaks","mgmt"
"thievery.corporation","massive.attack","morcheeba","air","goldfrapp","boards.of.canada","portishead","daft.punk","jamiroquai","jose.gonzalez","moby"
"three.days.grace","breaking.benjamin","papa.roach","linkin.park","evanescence","lostprophets","sum.41","disturbed","simple.plan","nickelback","killswitch.engage"
"timbaland","justin.timberlake","rihanna","kanye.west","jay.z","nelly.furtado","david.guetta","seeed","lenny.kravitz","lady.gaga","beyonce"
"tom.waits","the.beatles","radiohead","johnny.cash","bob.dylan","david.bowie","beck","arcade.fire","belle.and.sebastian","joy.division","elliott.smith"
"tool","a.perfect.circle","dredg","dream.theater","marilyn.manson","system.of.a.down","nine.inch.nails","metallica","porcupine.tree","staind","in.flames"
"tori.amos","alanis.morissette","the.smashing.pumpkins","placebo","pearl.jam","depeche.mode","tool","evanescence","cat.power","him","bjork"
"travis","keane","kaiser.chiefs","coldplay","r.e.m.","the.killers","blur","oasis","the.kooks","placebo","amy.winehouse"
"trivium","all.that.remains","as.i.lay.dying","caliban","killswitch.engage","slipknot","atreyu","disturbed","heaven.shall.burn","in.flames","chimaira"
"u2","robbie.williams","depeche.mode","r.e.m.","aerosmith","genesis","bruce.springsteen","coldplay","madonna","the.cure","norah.jones"
"underoath","atreyu","alexisonfire","enter.shikari","silverstein","killswitch.engage","lostprophets","funeral.for.a.friend","bring.me.the.horizon","the.used","fall.out.boy"
"volbeat","amon.amarth","in.flames","black.sabbath","opeth","metallica","kreator","stone.sour","dark.tranquillity","die.toten.hosen","heaven.shall.burn"
"yann.tiersen","sufjan.stevens","the.beatles","cat.power","the.postal.service","radiohead","manu.chao","eric.clapton","belle.and.sebastian","tom.waits","the.national"
